{"cameraMode":{"drawMode":0,"name":"Shaded","section":"Shading Mode"},"sceneLighting":true,"audioPlay":false,"sceneViewState":{"showFog":true,"showMaterialUpdate":false,"showSkybox":true,"showFlares":true,"showImageEffects":true,"showParticleSystems":true,"showVisualEffectGraphs":true,"m_FxEnabled":true},"in2DMode":false,"pivot":{"x":0.648076057434082,"y":13.772380828857422,"z":-0.9316788911819458},"rotation":{"x":0.18980750441551209,"y":-0.19730722904205323,"z":0.038970619440078738,"w":0.9610037803649902},"size":0.8660253882408142,"orthographic":true}